{
  "values": [
    { "type": "Nail polish", "year": "Africa", "value|100-900": 3 },
    { "type": "Nail polish", "year": "EU", "value|100-900": 3 },
    { "type": "Nail polish", "year": "China", "value|100-900": 3 },
    { "type": "Nail polish", "year": "USA", "value|100-900": 3 },
    { "type": "Eyebrow pencil", "year": "Africa", "value|100-900": 3 },
    { "type": "Eyebrow pencil", "year": "EU", "value|100-900": 3 },
    { "type": "Eyebrow pencil", "year": "China", "value|100-900": 3 },
    { "type": "Eyebrow pencil", "year": "USA", "value|100-900": 3 },
    { "type": "Rouge", "year": "Africa", "value|100-900": 3 },
    { "type": "Rouge", "year": "EU", "value|100-900": 3 },
    { "type": "Rouge", "year": "China", "value|100-900": 3 },
    { "type": "Rouge", "year": "USA", "value|100-900": 3 }
  ]
}
