{
  "radarIndicator": [
    { "name": "数据1", "max": 6500 },
    { "name": "数据2", "max": 16000 },
    { "name": "数据3", "max": 30000 },
    { "name": "数据4", "max": 38000 },
    { "name": "数据5", "max": 52000 },
    { "name": "数据6", "max": 25000 }
  ],
  "seriesData": [
    {
      "name": "data1",
      "value": [4200, 3000, 20000, 35000, 50000, 18000]
    },
    {
      "name": "data2",
      "value": [5000, 14000, 28000, 26000, 42000, 21000]
    }
  ]
}
