{
  "point": [
    {
      "name": "北京",
      "value": [116.405285, 39.904989, 200]
    },
    {
      "name": "郑州",
      "value": [113.665412, 34.757975, 888]
    },
    {
      "name": "青海",
      "value": [101.778916, 36.623178, 666]
    },
    {
      "name": "宁夏回族自治区",
      "value": [106.278179, 38.46637, 66]
    },
    {
      "name": "哈尔滨市",
      "value": [126.642464, 45.756967, 101]
    }
  ],
  "line": [
    {
      "coords": [
        [113.665412, 34.757975],
        [116.405285, 39.904989]
      ]
    },
    {
      "coords": [
        [101.778916, 36.623178],
        [116.405285, 39.904989]
      ]
    },
    {
      "coords": [
        [106.278179, 38.46637],
        [116.405285, 39.904989]
      ]
    },
    {
      "coords": [
        [126.642464, 45.756967],
        [116.405285, 39.904989]
      ]
    }
  ],
  "map": [
    {
      "name": "北京市",
      "value": 666
    },
    {
      "name": "河北省",
      "value": 98
    },

    {
      "name": "江苏省",
      "value": 300
    },
    {
      "name": "福建省",
      "value": 1199
    },
    {
      "name": "山东省",
      "value": 86
    },
    {
      "name": "河南省",
      "value": 850
    },
    {
      "name": "湖北省",
      "value": 84
    },
    {
      "name": "广西壮族自治区",
      "value": 81
    },
    {
      "name": "海南省",
      "value": 900
    },
    {
      "name": "青海省",
      "value": 800
    },
    {
      "name": "新疆维吾尔自治区",
      "value": 7
    }
  ],
  "pieces": [
    { "gte": 1000, "label": ">1000" },
    { "gte": 600, "lte": 999, "label": "600-999" },
    { "gte": 200, "lte": 599, "label": "200-599" },
    { "gte": 50, "lte": 199, "label": "49-199" },
    { "gte": 10, "lte": 49, "label": "10-49" },
    { "lte": 9, "label": "<9" }
  ]
}
